{"AC": [0.012811388, 0.051588226], "AL": [0.055042017, 0.60479355, 0.08997996, 0.800372, 0.038852096, 0.7124183, 0.52350366, 0.057343997, 0.038852096, 0.055042017, 0.4851893, 0.4028394, 0.052301623, 0.06313941, 0.08195686, 0.14246908, 0.19055255, 0.4641838, 0.4028394, 0.6938776, 0.055042017, 0.012811388, 0.08244847, 0.28004074, 0.16477858, 0.055042017, 0.012811388, 0.038852096, 0.012811388, 0.024901807, 0.04122849, 0.28004074, 0.08244847, 0.4531909, 0.2814049, -1, 0.038852096, 0.093178846, 0.03244011, 0.041417945, 0.012811388, 0.02047188, 0.055042017, 0.6938776, 0.2840909, 0.08244847, 0.05265259, 0.112684555, 0.031957414, 0.0708889, 0.038914893, 0.45894468, 0.012811388, 0.022836136, 0.1076744, 0.02344071, 0.012811388, 0.6104015, 0.038852096], "AP": [0.33343467, 0.745239, 0.012811388, 0.32463446, 0.021196328, 0.43640023], "AM": [0.6386777, 0.74116004, 0.59584767, 0.08054419, 0.5245627, 0.038852096, 0.34042552, 0.06462978, 0.33571517, 0.055042017, 0.14380558, 0.4028394, 0.35604537, 0.044038255, 0.055042017, 0.008496226, 0.038852096, 0.038852096, 0.34042552, 0.055042017, 0.012811388, 0.055042017, 0.012811388, 0.09073732, 0.032676376, 0.012811388, 0.038852096, 0.122496605, 0.17130393, 0.061052725, 0.14551765, 0.4028394, 0.027148724, 0.038852096, 0.012811388, 0.012811388, 0.038852096, 0.3189272, 0.06955593, 0.012811388, 0.012811388, 0.038852096, 0.20458023, 0.12081081, 0.5606856], "BA": [0.099415205, 0.017009262, 0.54238683, 0.038852096, 0.099415205, 0.02720919, 0.09395681, 0.82817304, 0.099415205, 0.012811388, -1, 0.025345773, 0.47102526, 0.16120125, 0.015011648, 0.16682477, 0.055042017, 0.08244847, 0.02255413, 0.038852096, 0.055042017, 0.8223625, 0.47102526, 0.055042017, 0.022139108, 0.04728041, 0.91458964, 0.009173225, 0.2846709, 0.012811388, 0.005340576, 0.009298885, 0.038852096, 0.012811388, 0.012811388, 0.038852096, 0.022882644, 0.16477858, 0.084542856, 0.055042017, 0.54238683, 0.012811388, 0.016349524, -1, 0.012811388, 0.1704264, 0.73836166, 0.012811388, 0.012811388, 0.07993606, 0.008648508, 0.01805625, 0.038852096, 0.012811388, 0.012811388, 0.038852096, -1, 0.05065163, 0.15155096, 0.038852096, 0.055042017, 0.099415205, 0.54238683, 0.038852096, 0.03423879, 0.0020172691, 0.013683214, 0.8228859, 0.012811388, 0.01641159, 0.052219126, 0.036216605, 0.0143531, 0.012811388, 0.038852096, 0.08359431, 0.08244847, 0.8223625, 0.33434224, 0.00341423, 0.012811388, 0.21811315, 0.015125384, 0.038672198, 0.014942823, 0.08634956, 0.04515976, 0.07246927, 0.08173045, 0.0797108, 0.04741582, 0.05377665, 0.012325194, 0.038852096, 0.041457124, 0.0133700995, 0.015225367, 0.081154265, 0.800372, 0.016110603, 0.22158097, 0.099415205, 0.012811388, 0.54238683, 0.06215255, 0.018705549, 0.099415205, 0.013560924, 0.045635536, 0.34042552, 0.08244847, 0.029230868, 0.0137598375, 0.012811388, 0.038852096, 0.038852096, 0.08244847, -1, 0.06851516, 0.032785006, 0.8223625, 0.012811388, 0.08244847, 0.017165696, 0.16477858, 0.09035341, 0.01851995, 0.012811388, 0.019388502, 0.012811388, 0.038852096, 0.038276564, 0.013822667, 0.0364369, 0.031995606, 0.8966484, 0.05384999, 0.07456913, 0.038852096, 0.012811388, -1, 0.54238683, 0.7910186, 0.046416182, 0.02902728, 0.09918739, 0.25657728, 0.54238683, 0.05580041, 0.026325813, 0.12113238, 0.800372, 0.34103006, 0.032394767, 0.038852096, 0.038852096, 0.038852096, 0.012811388, 0.024143359, 0.027186714, 0.019603057, 0.038852096, 0.07951632, 0.022268096, 0.012811388, 0.107602686, 0.019042153, 0.28004074, 0.033428084, 0.90443015, 0.012811388, 0.055042017, 0.08244847, 0.024142517, 0.038852096, 0.012811388, 0.012811388, 0.038852096, 0.017665641, 0.012811388, 0.055042017, 0.012811388, 0.08244847, 0.026273318, 0.099415205, 0.038852096, 0.11372189, 0.16477858, 0.012811388, 0.055042017, 0.012811388, 0.012811388, 0.028751306, 0.029280404, 0.012811388, 0.012811388, 0.012811388, 0.055042017, 0.055042017, 0.012811388], "CE": [0.6078641, 0.4028394, 0.012811388, 0.038852096, -1, 0.48998493, 0.78985506, 0.44238815, 0.012811388, 0.024590189, 0.055042017, 0.32946426, 0.16477858, 0.4186598, 0.031449065, 0.28004074, 0.13047251, 0.09705997, 0.038852096, 0.012811388, 0.040389154, 0.03598784, 0.009536374, 0.012811388, 0.038852096, 0.71887034, 0.08244847, 0.010916843, 0.1419316, 0.20043537], "DF": [0.48340693, 0.046525527, 0.012811388, 0.21684164, 0.055042017, 0.055042017, 0.099415205, 0.012811388, 0.54238683, 0.055042017, 0.22095896, 0.800372, 0.16477858, 0.8223625, 0.28004074, 0.10065496, 0.022769611, 0.06950221, 0.056944616, 0.055812404, 0.055042017, 0.055042017, 0.61129564, 0.081906855, 0.10255372, 0.4028394, 0.04313134, 0.012811388, 0.038852096, 0.33644214, 0.012811388, 0.08244847, 0.041944228, 0.08048351, 0.01665766, 0.28004074, 0.030219741, 0.07922081, 0.016495226, 0.079855144, 0.33924982, 0.012811388, 0.080906406, 0.33571428, 0.54238683, 0.012811388, 0.54238683, 0.04627908, 0.29499105, 0.07580003], "ES": [0.800372, 0.13914837, 0.85521305, 0.055042017, 0.47965294, 0.17464937, 0.0137923295, 0.21998921, 0.34009257, 0.099415205, 0.1461466, 0.16477858, 0.07970015, 0.08244847, 0.08244847, 0.099415205, 0.08433807, 0.012739349, 0.058417533, 0.33742926, 0.37691042, 0.28378877, 0.012811388, 0.5812472, 0.055042017], "GO": [0.800372, 0.81523365, 0.5722032, 0.8010005, 0.44090322, 0.013590102, 0.4028394, 0.6914727, 0.74946946, 0.67148936, 0.21534152, 0.27707058, 0.67148936, 0.0816836, 0.012811388, 0.21854468, 0.28096795, 0.67252487, 0.055042017, 0.08244847, 0.22132166, 0.7124183, 0.5015962, 0.099415205, 0.15997133, 0.064458065, 0.4238874, 0.14441703, 0.023637667, 0.7124183, 0.15792017, 0.012811388, 0.1946165, 0.4028394], "MA": [0.37372595, 0.2840909, 0.34042552, 0.105445355, 0.16477858, 0.080451645, 0.27034736, 0.8588675, 0.08244847, 0.15441492, 0.16477858, 0.34042552, -1, 0.012811388, 0.061618503, 0.4019041, 0.08182392, 0.800372, 0.41509026, 0.06578255, 0.34374058, 0.055042017, 0.025631009], "MT": [0.083484255, 0.28004074, 0.099415205, 0.078365155, 0.099415205, 0.08244847, 0.4818434, 0.038852096, 0.055042017, 0.048088916, 0.038852096, 0.07819941, 0.038852096, 0.055042017, 0.055042017, 0.16477858, 0.012811388, 0.055042017, 0.008419261, 0.14043467, 0.044009704, 0.055042017, 0.019234776, 0.67148936, 0.035507824, 0.055042017, 0.71887034, 0.055042017, 0.012811388, 0.038852096], "MS": [0.2574776, 0.035689138, 0.16477858, 0.012811388, 0.055042017, 0.084286034], "MG": [0.59372455, 0.038852096, 0.80633765, 0.6966266, 0.055042017, 0.099415205, 0.13932137, 0.09351692, 0.030212654, 0.86052006, 0.86052006, 0.038852096, 0.0802252, 0.07983295, 0.015879717, 0.7605796, 0.012811388, 0.6115668, 0.7211281, 0.038852096, 0.038852096, 0.08244847, 0.08244847, 0.015907787, 0.4028394, 0.54238683, 0.09850198, 0.18607745, 0.038852096, 0.09730825, 0.055042017, 0.5957371, 0.012811388, 0.012811388, 0.099415205, 0.012811388, 0.055042017, 0.038852096, 0.049849704, 0.022583716, 0.67148936, 0.009978783, 0.012811388, 0.15215352, 0.8223625, 0.09160456, 0.8223625, 0.434666, 0.025493164, 0.17518763, 0.012811388, 0.54238683, 0.35967213, 0.01746226, 0.30912697, 0.055042017, 0.28187007, 0.34042552, 0.08244847, 0.082031354, 0.038762785, 0.055042017, 0.54238683, 0.034339573, 0.055042017, 0.012811388, 0.055042017, 0.2840909, 0.04422268], "PA": [0.055042017],