{"AC": [], "AL": [0.07150289, 0.07983217, 0.16477858, 0.34042552, 0.099415205, 0.43230394], "AP": [0.71887034, 0.79081947, 0.31381443], "AM": [0.4028394], "BA": [0.34042552, 0.0063121147, 0.0795363, 0.08244847, 0.037996773, 0.7124183], "CE": [0.67148936, 0.038037065, 0.33566514, 0.04854981, 0.099415205, 0.055042017, 0.01968379], "DF": [0.800372, 0.8152462, 0.8223625, 0.80355823, 0.8223625, 0.8145661, 0.013643247, 0.028887698, 0.80327696, 0.8126321, 0.015244459, 0.021201052, 0.015060949, 0.02890231, 0.44104686, 0.038852096, 0.024626294, 0.055042017, 0.013219773, 0.015345694, 0.49188933, 0.01373553, 0.012811388, 0.54238683, 0.5318989, 0.012811388, 0.012811388, 0.038852096, 0.5318832, 0.02215623, 0.48511633, 0.023215236, 0.0134763615, 0.038514577, 0.012811388, 0.54238683, 0.020135054, 0.012811388, 0.012811388, 0.013861573, 0.012811388, 0.54238683, 0.015700443, 0.54238683, 0.012811388, 0.01825624, 0.016384719, 0.012811388, 0.54238683, 0.012811388, 0.012811388, 0.47102526, 0.055042017, 0.014632161, 0.038852096, 0.012811388, 0.54238683, 0.54238683, 0.5369797, 0.55955976, 0.53702766, 0.5411112, 0.54238683, 0.55186695, 0.54238683, 0.57330537, 0.54238683, 0.5514956, 0.45420653, 0.54238683, 0.54238683, 0.54238683, 0.48206356, 0.4028394, 0.54238683, 0.4028394, 0.52867794, 0.6766817, 0.41830888, 0.54238683, 0.54238683, 0.47102526, 0.4222334, 0.40878236, 0.54238683, 0.4738198, 0.47102526, 0.54238683, 0.54845464, 0.54238683, 0.5036158, 0.5213061, 0.47102526, 0.55292654, 0.54238683, 0.016717508, 0.032558378, 0.055042017, 0.012811388, 0.0143675925, 0.019598402, 0.012811388, 0.54238683, 0.6121657, 0.800372, 0.800372, 0.800372, 0.021233786, 0.6121657, 0.79507804, 0.800372, 0.80511856, 0.800372, 0.80232275, 0.800372, 0.800372, 0.800372, 0.800372, 0.78998315, 0.800372, 0.800372, 0.800372, 0.800372, 0.800372, 0.800372, 0.800372, 0.800372, 0.800372, 0.80340475, 0.800372, 0.800372], "ES": [0.012811388, 0.0488874, 0.67148936], "GO": [0.055042017, 0.15688424, 0.800372, 0.099415205, 0.802808, 0.71887034, 0.54238683, 0.67148936, 0.5951302, 0.74944925, 0.53702617, 0.54238683, 0.54238683, 0.22128375, 0.67148936, 0.7473198, 0.47102526], "MA": [0.0746177, 0.055042017, 0.80631894, 0.33555797, 0.54238683, 0.5154269], "MT": [0.28381816], "MS": [], "MG": [0.52952445, 0.038852096, 0.055042017, 0.055042017, 0.67148936, -1, 0.03828422, 0.54238683, 0.038852096, 0.055042017, 0.54238683, 0.081582844, 0.055042017], "PA": [0.5739993, 0.18202668], "PB": [0.19963637, 0.14187121, 0.16477858, 0.025540836, 0.28331324], "PR": [0.7135035, 0.4028394, 0.17992416, 0.15497166, 0.86052006], "PE": [0.055042017, -1, 0.8223625, 0.36633772, 0.016084393, 0.08352716, -1, 0.012811388], "PI": [0.08190375, 0.71184343, 0.67148936], "RJ": [0.54238683, 0.07961405, 0.33868632, 0.47102526, 0.78985506, 0.08190059, 0.4028394, 0.0519811, 0.016638963, 0.11096837, 0.22531746, 0.4028394, 0.4028394, 0.2801146, 0.07652724, 0.04617585, 0.14017947, 0.06183532, 0.0055918973, 0.08063801, 0.027554726, 0.16477858, 0.6152542, 0.055042017, 0.099415205, -1, 0.6285075, 0.2840909, 0.012811388, 0.099415205, 0.038852096, 0.028167548, 0.014596864, 0.28004074, 0.027913637, 0.017887516, 0.54238683, 0.20524153, 0.099415205, 0.03318497, 0.8223625, 0.09452875, 0.06356544, 0.86052006, 0.055042017, 0.33876908, 0.5802519, 0.54939777], "RN": [0.6416567, 0.055042017, 0.035888586], "RS": [0.09623528, 0.099415205, 0.099415205, 0.038852096, 0.34042552, 0.8097112, 0.800372, 0.62958276, 0.11982987, 0.044128373, 0.77781034, 0.031213367], "RO": [], "RR": [], "SC": [0.6398893, 0.706125, 0.61497414, 0.67148936, 0.6938776, 0.54238683, 0.67599565, 0.6418146, 0.67148936, 0.5814639, 0.13944262, 0.6563929, 0.67148936, 0.59896934, 0.67148936, 0.67148936, 0.54238683, 0.6938776, 0.6138689, 0.67148936, 0.6152542, 0.65126354, 0.67148936, 0.67148936, 0.016065087, 0.67148936, 0.67148936, 0.67148936, 0.67148936, 0.6957838, 0.67148936, 0.6938776, 0.67148936, 0.67148936, 0.67148936, 0.67148936, 0.67148936, 0.6144845, 0.67148936, 0.6398209, 0.67148936, 0.71887034, 0.65490013, 0.67148936, 0.6938776, 0.6938776, 0.6920208, 0.7178026, 0.71229905, 0.5795786, 0.71001977, 0.67148936, 0.6757449, 0.67148936, 0.67148936, 0.676482, 0.6710408, 0.67148936, 0.6909064, 0.7110225, 0.67148936, 0.67148936, 0.67148936, 0.038852096, 0.71858275, 0.71191394, 0.7109005, 0.68473154, 0.51297736, 0.68631434, 0.67148936, 0.67148936, 0.67148936, 0.67148936, 0.65960467, 0.67148936, 0.6864308, 0.690922, 0.67148936, 0.71121097, 0.67148936, 0.67148936, 0.67148936, 0.685764, 0.67148936, 0.71101576, 0.67148936, 0.8223625, 0.6152542, 0.67148936, 0.6938776, 0.7124183, 0.67148936, 0.71887034, 0.67148936, 0.594617, 0.60113114, 0.6152542, 0.6554767, 0.67148936, 0.800372, 0.67148936, 0.6152542, 0.67148936, 0.6529797, 0.67148936, 0.67148936, 0.67148936, 0.6938776, 0.6208585, 0.6143033, 0.67148936, 0.67148936, 0.6938776, 0.67635554, 0.67148936, 0.6152542, 0.67148936, 0.012811388, 0.67148936, 0.02256493, 0.28263652, 0.07348139, 0.012811388, 0.012811388, 0.67148936, 0.67148936, 0.67148936, 0.67148936, 0.67148936, 0.67148936, 0.67148936, 0.6746261, 0.79666543, 0.6938776, 0.67148936, 0.61235446, 0.67148936, 0.69613373, 0.67148936, 0.67148936, 0.67148936, 0.67148936, 0.67148936, 0.67148936, 0.67148936, 0.67148936, 0.67148936, 0.67148936, 0.6755721, 0.67148936, 0.67148936, 0.6938776, 0.68151087, 0.67148936, 0.6938776, 0.67148936, 0.67148936], "SP": [0.038852096, 0.8223625, 0.082131326, 0.57952166, 0.2352723, 0.12142933, 0.86052006, 0.08073799, 0.27633607, 0.055042017, 0.055042017, 0.038852096, 0.038852096, 0.055042017, -1, 0.039549064, 0.055042017, 0.055042017, 0.055042017, 0.04738236, -1, 0.8223625, 0.71887034, 0.08482298, 0.055042017, 0.7124183, 0.07977494, 0.062220585, 0.5723743, 0.2928116, 0.2840909, 0.012811388, 0.67148936, 0.03265386, 0.012503231, 0.099415205, 0.7157491, 0.54238683, -1, 0.11202335, 0.8708078, 0.02618667, 0.67148936, 0.01650316, 0.027624095, 0.61153334, 0.042405788, 0.800372, -1, 0.54238683, 0.44632113, 0.7859984], "SE": [], "TO": []}